"";"sensor_id";"timestamp";"P1";"P2"
"1";"16632";2018-10-01 00:02:12;1;1
"2";"16632";2018-10-01 00:04:43;2;2
"3";"16632";2018-10-01 00:07:13;1;1
"4";"16632";2018-10-01 00:09:44;1,6;1,6
"5";"16632";2018-10-01 00:12:15;1,4;1,4
"6";"16632";2018-10-01 00:14:46;2;2
"7";"16632";2018-10-01 00:17:16;2;2
"8";"16632";2018-10-01 00:19:47;1,2;1,2
"9";"16632";2018-10-01 00:22:22;1;1
"10";"16632";2018-10-01 00:24:56;2;1
"11";"16632";2018-10-01 00:27:27;1;1
"12";"16632";2018-10-01 00:29:58;2;2
"13";"16632";2018-10-01 00:32:29;1;1
"14";"16632";2018-10-01 00:34:59;1;1
"15";"16632";2018-10-01 00:37:30;1,2;1,2
"16";"16632";2018-10-01 00:40:01;2;2
"17";"16632";2018-10-01 00:42:32;2;2
"18";"16632";2018-10-01 00:45:03;1;1
"19";"16632";2018-10-01 00:47:34;1;1
"20";"16632";2018-10-01 00:50:05;1;1
"21";"16632";2018-10-01 00:52:36;1;1
"22";"16632";2018-10-01 00:55:07;2;2
"23";"16632";2018-10-01 00:57:38;9,2;8
"24";"16632";2018-10-01 01:00:09;8;8
"25";"16632";2018-10-01 01:02:40;11;8,8
"26";"16632";2018-10-01 01:05:11;18,6;15,8
"27";"16632";2018-10-01 01:07:42;21,4;18,6
"28";"16632";2018-10-01 01:10:13;11,6;11
"29";"16632";2018-10-01 01:12:44;9,2;6,4
"30";"16632";2018-10-01 01:15:15;9,4;7,4
"31";"16632";2018-10-01 01:17:46;3,2;3
"32";"16632";2018-10-01 01:20:17;6;3,8
"33";"16632";2018-10-01 01:22:48;5,4;4,6
"34";"16632";2018-10-01 01:25:19;6,2;4,6
"35";"16632";2018-10-01 01:27:50;7,4;7
"36";"16632";2018-10-01 01:30:20;10,4;4,6
"37";"16632";2018-10-01 01:32:51;10,6;3,8
"38";"16632";2018-10-01 01:35:22;11,2;8,4
"39";"16632";2018-10-01 01:37:53;6,2;6,2
"40";"16632";2018-10-01 01:40:24;3;3
"41";"16632";2018-10-01 01:42:55;3,8;3,8
"42";"16632";2018-10-01 01:45:25;3,2;3,2
"43";"16632";2018-10-01 01:47:56;3,8;3,2
"44";"16632";2018-10-01 01:50:27;4,6;3,8
"45";"16632";2018-10-01 01:52:58;5,6;4,8
"46";"16632";2018-10-01 01:55:29;5,6;4,2
"47";"16632";2018-10-01 01:57:59;3,6;2,6
"48";"16632";2018-10-01 02:00:30;4,6;3
"49";"16632";2018-10-01 02:03:01;5;2,8
"50";"16632";2018-10-01 02:05:32;5,4;3
"51";"16632";2018-10-01 02:08:03;3;3
"52";"16632";2018-10-01 02:10:34;4;4
"53";"16632";2018-10-01 02:13:05;3;2,8
"54";"16632";2018-10-01 02:15:35;2,8;2,8
"55";"16632";2018-10-01 02:18:06;3;3
"56";"16632";2018-10-01 02:20:37;3;3
"57";"16632";2018-10-01 02:23:08;2,8;2,8
"58";"16632";2018-10-01 02:25:39;4,6;2,8
"59";"16632";2018-10-01 02:28:10;3,8;2,8
"60";"16632";2018-10-01 02:30:41;2,8;2,8
"61";"16632";2018-10-01 02:33:11;5,4;3,6
"62";"16632";2018-10-01 02:35:42;3;3
"63";"16632";2018-10-01 02:38:13;3;3
"64";"16632";2018-10-01 02:40:44;2,6;2,6
"65";"16632";2018-10-01 02:43:15;3,8;2,4
"66";"16632";2018-10-01 02:45:46;3;3
"67";"16632";2018-10-01 02:48:16;2,8;2,8
"68";"16632";2018-10-01 02:50:47;2,2;2,2
"69";"16632";2018-10-01 02:53:18;2;2
"70";"16632";2018-10-01 02:55:53;2;2
"71";"16632";2018-10-01 02:58:23;2,2;2,2
"72";"16632";2018-10-01 03:00:54;3;3
"73";"16632";2018-10-01 03:03:25;2,8;2,8
"74";"16632";2018-10-01 03:05:56;4;4
"75";"16632";2018-10-01 03:08:27;3;3
"76";"16632";2018-10-01 03:10:58;3,6;3,4
"77";"16632";2018-10-01 03:13:28;3,2;3
"78";"16632";2018-10-01 03:15:59;3;3
"79";"16632";2018-10-01 03:18:30;3;3
"80";"16632";2018-10-01 03:21:01;3;3
"81";"16632";2018-10-01 03:23:32;3,8;3,8
"82";"16632";2018-10-01 03:26:03;3;2,4
"83";"16632";2018-10-01 03:28:34;3;3
"84";"16632";2018-10-01 03:31:04;2,8;2,8
"85";"16632";2018-10-01 03:33:35;4;3,4
"86";"16632";2018-10-01 03:36:06;3;3
"87";"16632";2018-10-01 03:38:37;4;4
"88";"16632";2018-10-01 03:41:08;3,6;3
"89";"16632";2018-10-01 03:43:39;6;3
"90";"16632";2018-10-01 03:46:09;2,8;2,8
"91";"16632";2018-10-01 03:48:40;3;3
"92";"16632";2018-10-01 03:51:11;2,8;2,8
"93";"16632";2018-10-01 03:53:42;3;2,8
"94";"16632";2018-10-01 03:56:13;4,2;2,2
"95";"16632";2018-10-01 03:58:44;2,8;2,8
"96";"16632";2018-10-01 04:01:15;2;2
"97";"16632";2018-10-01 04:03:46;3,2;2,4
"98";"16632";2018-10-01 04:06:16;5;3,8
"99";"16632";2018-10-01 04:08:47;2;2
"100";"16632";2018-10-01 04:11:18;1,8;1,8
"101";"16632";2018-10-01 04:13:49;2,8;2,8
"102";"16632";2018-10-01 04:16:20;2,2;2,2
"103";"16632";2018-10-01 04:18:51;2,2;2,2
"104";"16632";2018-10-01 04:21:22;3;3
"105";"16632";2018-10-01 04:23:52;2;2
"106";"16632";2018-10-01 04:26:23;2;2
"107";"16632";2018-10-01 04:28:54;3;3
"108";"16632";2018-10-01 04:31:25;3;3
"109";"16632";2018-10-01 04:33:56;3;3
"110";"16632";2018-10-01 04:36:26;3,2;3,2
"111";"16632";2018-10-01 04:38:57;4;4
"112";"16632";2018-10-01 04:41:28;3,6;3,6
"113";"16632";2018-10-01 04:43:59;3,4;3,4
"114";"16632";2018-10-01 04:46:30;3;3
"115";"16632";2018-10-01 04:49:01;5;4
"116";"16632";2018-10-01 04:51:32;3;3
"117";"16632";2018-10-01 04:54:03;3,2;3,2
"118";"16632";2018-10-01 04:56:34;3;3
"119";"16632";2018-10-01 04:59:04;3,2;3,2
"120";"16632";2018-10-01 05:01:35;4,2;3
"121";"16632";2018-10-01 05:04:06;4;4
"122";"16632";2018-10-01 05:06:37;3,4;3
"123";"16632";2018-10-01 05:09:08;4;4
"124";"16632";2018-10-01 05:11:40;3;3
"125";"16632";2018-10-01 05:14:11;2,8;2,8
"126";"16632";2018-10-01 05:16:41;4,8;3
"127";"16632";2018-10-01 05:19:12;2;2
"128";"16632";2018-10-01 05:21:43;2,8;2,8
"129";"16632";2018-10-01 05:24:14;3;3
"130";"16632";2018-10-01 05:26:45;2,6;2,6
"131";"16632";2018-10-01 05:29:15;2;2
"132";"16632";2018-10-01 05:31:46;3;3
"133";"16632";2018-10-01 05:34:17;2,4;2,4
"134";"16632";2018-10-01 05:36:48;2;2
"135";"16632";2018-10-01 05:39:19;2;2
"136";"16632";2018-10-01 05:41:50;3;3
"137";"16632";2018-10-01 05:44:21;2,4;2,4
"138";"16632";2018-10-01 05:46:52;2,6;2,6
"139";"16632";2018-10-01 05:49:22;2;2
"140";"16632";2018-10-01 05:51:53;2;2
"141";"16632";2018-10-01 05:54:24;5;3,4
"142";"16632";2018-10-01 05:56:55;3;2,8
"143";"16632";2018-10-01 05:59:26;2,4;2,4
"144";"16632";2018-10-01 06:01:57;3;3
"145";"16632";2018-10-01 06:04:27;2;2
"146";"16632";2018-10-01 06:06:58;3;3
"147";"16632";2018-10-01 06:09:29;2,2;2,2
"148";"16632";2018-10-01 06:12:00;2;2
"149";"16632";2018-10-01 06:14:31;2,2;2,2
"150";"16632";2018-10-01 06:17:02;2,6;2,6
"151";"16632";2018-10-01 06:19:33;2;2
"152";"16632";2018-10-01 06:22:04;3;3
"153";"16632";2018-10-01 06:24:34;3;3
"154";"16632";2018-10-01 06:27:05;3;3
"155";"16632";2018-10-01 06:29:36;2,4;2,4
"156";"16632";2018-10-01 06:32:07;3;3
"157";"16632";2018-10-01 06:34:38;2,4;2,4
"158";"16632";2018-10-01 06:37:09;2;2
"159";"16632";2018-10-01 06:39:39;2;2
"160";"16632";2018-10-01 06:42:10;2,4;2,4
"161";"16632";2018-10-01 06:44:41;2,4;2,4
"162";"16632";2018-10-01 06:47:12;2,4;2,4
"163";"16632";2018-10-01 06:49:43;2,8;2,8
"164";"16632";2018-10-01 06:52:13;3;3
"165";"16632";2018-10-01 06:54:44;2;2
"166";"16632";2018-10-01 06:57:15;2;2
"167";"16632";2018-10-01 06:59:46;2;2
"168";"16632";2018-10-01 07:02:17;2;2
"169";"16632";2018-10-01 07:04:48;2;2
"170";"16632";2018-10-01 07:07:19;2;2
"171";"16632";2018-10-01 07:09:50;3;3
"172";"16632";2018-10-01 07:12:21;2;2
"173";"16632";2018-10-01 07:14:51;2,6;2,6
"174";"16632";2018-10-01 07:17:22;2,4;2,4
"175";"16632";2018-10-01 07:19:53;2,8;2,8
"176";"16632";2018-10-01 07:22:24;2;2
"177";"16632";2018-10-01 07:24:55;3;3
"178";"16632";2018-10-01 07:27:26;2;2
"179";"16632";2018-10-01 07:29:57;4;2
"180";"16632";2018-10-01 07:32:27;2;2
"181";"16632";2018-10-01 07:34:58;2,6;2,6
"182";"16632";2018-10-01 07:37:29;2;2
"183";"16632";2018-10-01 07:40:00;2;2
"184";"16632";2018-10-01 07:42:31;2,8;2,8
"185";"16632";2018-10-01 07:45:02;2;2
"186";"16632";2018-10-01 07:47:32;2;2
"187";"16632";2018-10-01 07:50:03;2,6;2,6
"188";"16632";2018-10-01 07:52:34;3;3
"189";"16632";2018-10-01 07:55:05;2,2;2,2
"190";"16632";2018-10-01 07:57:36;2,6;2,6
"191";"16632";2018-10-01 08:00:07;2,8;2,6
"192";"16632";2018-10-01 08:02:37;2;2
"193";"16632";2018-10-01 08:05:08;3;3
"194";"16632";2018-10-01 08:07:39;2;2
"195";"16632";2018-10-01 08:10:10;2;2
"196";"16632";2018-10-01 08:12:41;2;2
"197";"16632";2018-10-01 08:15:12;2;2
"198";"16632";2018-10-01 08:17:43;2;2
"199";"16632";2018-10-01 08:20:14;2;2
"200";"16632";2018-10-01 08:22:44;3;3
"201";"16632";2018-10-01 08:25:15;2,2;2,2
"202";"16632";2018-10-01 08:27:46;2;2
"203";"16632";2018-10-01 08:30:17;2;2
"204";"16632";2018-10-01 08:32:48;2;2
"205";"16632";2018-10-01 08:35:18;2;2
"206";"16632";2018-10-01 08:37:49;3;3
"207";"16632";2018-10-01 08:40:21;2,2;2,2
"208";"16632";2018-10-01 08:42:52;2;2
"209";"16632";2018-10-01 08:45:22;2;2
"210";"16632";2018-10-01 08:47:53;3;3
"211";"16632";2018-10-01 08:50:24;2;2
"212";"16632";2018-10-01 08:53:02;2;2
"213";"16632";2018-10-01 08:55:43;4;2
"214";"16632";2018-10-01 08:58:13;2;2
"215";"16632";2018-10-01 09:00:44;3;3
"216";"16632";2018-10-01 09:03:15;2;2
"217";"16632";2018-10-01 09:05:46;2;2
"218";"16632";2018-10-01 09:08:17;2;2
"219";"16632";2018-10-01 09:10:48;2;2
"220";"16632";2018-10-01 09:13:19;2,2;2,2
"221";"16632";2018-10-01 09:15:49;2,4;2,4
"222";"16632";2018-10-01 09:18:20;2,6;2,6
"223";"16632";2018-10-01 09:20:51;2,4;2,4
"224";"16632";2018-10-01 09:23:22;2;2
"225";"16632";2018-10-01 09:25:53;2,8;2,8
"226";"16632";2018-10-01 09:28:24;2;2
"227";"16632";2018-10-01 09:30:55;2;2
"228";"16632";2018-10-01 09:33:25;2,6;2,6
"229";"16632";2018-10-01 09:35:56;2;2
"230";"16632";2018-10-01 09:38:27;2;2
"231";"16632";2018-10-01 09:40:58;3,2;2
"232";"16632";2018-10-01 09:43:29;2;2
"233";"16632";2018-10-01 09:46:00;2,2;2,2
"234";"16632";2018-10-01 09:48:31;3;3
"235";"16632";2018-10-01 09:51:02;2;2
"236";"16632";2018-10-01 09:53:32;4,6;3,2
"237";"16632";2018-10-01 09:56:04;2;2
"238";"16632";2018-10-01 09:58:35;2;2
"239";"16632";2018-10-01 10:01:06;3;3
"240";"16632";2018-10-01 10:03:40;3;3
"241";"16632";2018-10-01 10:06:10;2;2
"242";"16632";2018-10-01 10:08:41;2;2
"243";"16632";2018-10-01 10:11:12;3;3
"244";"16632";2018-10-01 10:13:43;2;2
"245";"16632";2018-10-01 10:16:14;2;2
"246";"16632";2018-10-01 10:18:45;2;2
"247";"16632";2018-10-01 10:21:16;2;2
"248";"16632";2018-10-01 10:23:47;2;2
"249";"16632";2018-10-01 10:26:18;2;2
"250";"16632";2018-10-01 10:28:49;3;3
"251";"16632";2018-10-01 10:31:20;3;3
"252";"16632";2018-10-01 10:33:50;3;3
"253";"16632";2018-10-01 10:36:21;2,4;2,4
"254";"16632";2018-10-01 10:38:52;2,2;2,2
"255";"16632";2018-10-01 10:41:24;3;3
"256";"16632";2018-10-01 10:43:55;3,8;3
"257";"16632";2018-10-01 10:46:26;3;3
"258";"16632";2018-10-01 10:48:57;2,6;2,6
"259";"16632";2018-10-01 10:51:28;2,4;2
"260";"16632";2018-10-01 10:54:02;3;3
"261";"16632";2018-10-01 10:56:34;2,6;2,6
"262";"16632";2018-10-01 10:59:05;2,8;2,8
"263";"16632";2018-10-01 11:01:37;3,6;3
"264";"16632";2018-10-01 11:04:08;4,2;3,2
"265";"16632";2018-10-01 11:06:40;2,8;2,8
"266";"16632";2018-10-01 11:09:11;3;3
"267";"16632";2018-10-01 11:11:43;3;3
"268";"16632";2018-10-01 11:14:14;4;4
"269";"16632";2018-10-01 11:16:46;3;3
"270";"16632";2018-10-01 11:19:17;3;3
"271";"16632";2018-10-01 11:21:49;4;4
"272";"16632";2018-10-01 11:24:22;3,2;3,2
"273";"16632";2018-10-01 11:26:54;3;3
"274";"16632";2018-10-01 11:29:26;3;3
"275";"16632";2018-10-01 11:31:59;4;3
"276";"16632";2018-10-01 11:34:31;3,4;3,4
"277";"16632";2018-10-01 11:37:03;3;3
"278";"16632";2018-10-01 11:39:34;4;2,2
"279";"16632";2018-10-01 11:42:05;3;3
"280";"16632";2018-10-01 11:44:36;2,2;2,2
"281";"16632";2018-10-01 11:47:07;3;3
"282";"16632";2018-10-01 11:49:40;4;3
"283";"16632";2018-10-01 11:52:11;3;3
"284";"16632";2018-10-01 11:54:43;3;3
"285";"16632";2018-10-01 11:57:15;3,6;2
"286";"16632";2018-10-01 11:59:46;2,2;2,2
"287";"16632";2018-10-01 12:02:18;3;3
"288";"16632";2018-10-01 12:04:49;2;2
"289";"16632";2018-10-01 12:07:21;2,6;2,6
"290";"16632";2018-10-01 12:09:52;2;2
"291";"16632";2018-10-01 12:12:23;3;3
"292";"16632";2018-10-01 12:14:58;3;3
"293";"16632";2018-10-01 12:17:30;3;3
"294";"16632";2018-10-01 12:20:01;2;2
"295";"16632";2018-10-01 12:22:33;4,4;3
"296";"16632";2018-10-01 12:25:04;3;2,6
"297";"16632";2018-10-01 12:27:35;2;2
"298";"16632";2018-10-01 12:30:08;4;3
"299";"16632";2018-10-01 12:32:40;3;3
"300";"16632";2018-10-01 12:35:11;4;4
"301";"16632";2018-10-01 12:37:42;3;3
"302";"16632";2018-10-01 12:40:13;2,4;2,4
"303";"16632";2018-10-01 12:42:45;2,2;2,2
"304";"16632";2018-10-01 12:45:17;4;2
"305";"16632";2018-10-01 12:47:51;3;3
"306";"16632";2018-10-01 12:50:22;3,2;3,2
"307";"16632";2018-10-01 12:52:55;3;3
"308";"16632";2018-10-01 12:55:27;3;3
"309";"16632";2018-10-01 12:57:59;3;3
"310";"16632";2018-10-01 13:00:32;3;3
"311";"16632";2018-10-01 13:03:03;3;3
"312";"16632";2018-10-01 13:05:34;3;3
"313";"16632";2018-10-01 13:08:07;3,4;3
"314";"16632";2018-10-01 13:10:44;3;3
"315";"16632";2018-10-01 13:13:26;3;3
"316";"16632";2018-10-01 13:15:57;3;3
"317";"16632";2018-10-01 13:18:49;3;3
"318";"16632";2018-10-01 13:21:22;3;3
"319";"16632";2018-10-01 13:26:34;7,4;4,2
"320";"16632";2018-10-01 13:29:11;15,8;10,8
"321";"16632";2018-10-01 13:31:43;7,4;6,8
"322";"16632";2018-10-01 13:34:16;6,2;5
"323";"16632";2018-10-01 13:36:52;7,4;7,4
"324";"16632";2018-10-01 13:39:24;4;4
"325";"16632";2018-10-01 13:41:58;25,6;20
"326";"16632";2018-10-01 13:44:32;6,6;4,8
"327";"16632";2018-10-01 13:48:33;8,25;6,75
"328";"16632";2018-10-01 13:51:04;17,6;15,4
"329";"16632";2018-10-01 13:53:35;26,4;15,2
"330";"16632";2018-10-01 13:56:07;11,4;9
"331";"16632";2018-10-01 13:58:38;30,8;21,4
"332";"16632";2018-10-01 14:01:13;41;27,2
"333";"16632";2018-10-01 14:03:48;57,25;35,5
"334";"16632";2018-10-01 14:06:22;33;22,8
"335";"16632";2018-10-01 14:08:54;40,4;24,6
"336";"16632";2018-10-01 14:11:26;5;4
"337";"16632";2018-10-01 14:13:59;75;46,5
"338";"16632";2018-10-01 14:16:31;36,2;24,6
"339";"16632";2018-10-01 14:19:03;39;32,25
"340";"16632";2018-10-01 14:21:37;7;7
"341";"16632";2018-10-01 14:24:11;11,2;6,8
"342";"16632";2018-10-01 14:26:45;16,8;16,8
"343";"16632";2018-10-01 14:29:17;11,2;8,6
"344";"16632";2018-10-01 14:31:51;28,2;17,6
"345";"16632";2018-10-01 14:36:52;52;35
"346";"16632";2018-10-01 14:39:33;15,6;13,2
"347";"16632";2018-10-01 14:42:09;82,75;57,75
"348";"16632";2018-10-01 14:44:41;35,75;29,25
"349";"16632";2018-10-01 14:47:14;39;23,25
"350";"16632";2018-10-01 14:49:46;55;37
"351";"16632";2018-10-01 14:55:15;35,8;22,6
"352";"16632";2018-10-01 15:03:16;5,8;5
"353";"16632";2018-10-01 15:05:53;5,8;4
"354";"16632";2018-10-01 15:08:29;5;5
"355";"16632";2018-10-01 15:11:08;5,4;4
"356";"16632";2018-10-01 15:16:07;30;23
"357";"16632";2018-10-01 15:18:40;29,8;23,8
"358";"16632";2018-10-01 15:21:12;10,6;6,2
"359";"16632";2018-10-01 15:23:49;10,4;6,6
"360";"16632";2018-10-01 15:26:24;13;12,4
"361";"16632";2018-10-01 15:29:00;37,8;28,8
"362";"16632";2018-10-01 15:31:36;35,4;25,6
"363";"16632";2018-10-01 15:34:09;37,75;25,75
"364";"16632";2018-10-01 15:42:09;51,5;32,25
"365";"16632";2018-10-01 15:44:46;35,4;23
"366";"16632";2018-10-01 15:47:22;44;34,5
"367";"16632";2018-10-01 15:50:00;86,5;58,25
"368";"16632";2018-10-01 15:52:33;79,75;51,75
"369";"16632";2018-10-01 15:55:08;70,25;43,75
"370";"16632";2018-10-01 15:57:42;65,25;46
"371";"16632";2018-10-01 16:03:40;56;39
"372";"16632";2018-10-01 16:06:16;7,6;7
"373";"16632";2018-10-01 16:08:49;26,2;19,6
"374";"16632";2018-10-01 16:18:30;33,6;27,4
"375";"16632";2018-10-01 16:21:03;45,5;32
"376";"16632";2018-10-01 16:23:36;60,75;43,5
"377";"16632";2018-10-01 16:26:10;57,75;35,25
"378";"16632";2018-10-01 16:28:43;88,75;58,25
"379";"16632";2018-10-01 16:31:16;39;31,5
"380";"16632";2018-10-01 16:37:32;60,75;42
"381";"16632";2018-10-01 16:45:29;73;48,25
"382";"16632";2018-10-01 16:48:05;35,5;29
"383";"16632";2018-10-01 16:53:14;88,25;61,5
"384";"16632";2018-10-01 16:55:45;39,75;26,75
"385";"16632";2018-10-01 16:58:15;75,5;49,75
"386";"16632";2018-10-01 17:00:47;5,2;5,2
"387";"16632";2018-10-01 17:03:19;8,6;7
"388";"16632";2018-10-01 17:05:52;6,2;6
"389";"16632";2018-10-01 17:08:27;5,8;5,8
"390";"16632";2018-10-01 17:10:59;6;5
"391";"16632";2018-10-01 17:13:31;6;6
"392";"16632";2018-10-01 17:16:02;7;7
"393";"16632";2018-10-01 17:18:33;8,4;7,6
"394";"16632";2018-10-01 17:21:04;6;6
"395";"16632";2018-10-01 17:23:37;7;4,8
"396";"16632";2018-10-01 17:26:08;7,6;5,2
"397";"16632";2018-10-01 17:28:40;5;5
"398";"16632";2018-10-01 17:31:13;5;5
"399";"16632";2018-10-01 17:33:45;7,8;5
"400";"16632";2018-10-01 17:36:15;6;4,2
"401";"16632";2018-10-01 17:38:46;5;5
"402";"16632";2018-10-01 17:41:19;6;5,2
"403";"16632";2018-10-01 17:43:49;5;5
"404";"16632";2018-10-01 17:46:20;5;5
"405";"16632";2018-10-01 17:48:51;8,4;8
"406";"16632";2018-10-01 17:51:22;5,8;5
"407";"16632";2018-10-01 17:53:53;6,6;5,4
"408";"16632";2018-10-01 17:56:27;6;6
"409";"16632";2018-10-01 17:59:01;8;6
"410";"16632";2018-10-01 18:01:31;5,4;5,4
"411";"16632";2018-10-01 18:04:02;6,6;5,4
"412";"16632";2018-10-01 18:06:37;5,6;5,6
"413";"16632";2018-10-01 18:09:09;6;5,6
"414";"16632";2018-10-01 18:11:40;6,2;5
"415";"16632";2018-10-01 18:14:11;4,2;4,2
"416";"16632";2018-10-01 18:16:43;5;5
"417";"16632";2018-10-01 18:19:14;10,8;7,2
"418";"16632";2018-10-01 18:21:45;7;7
"419";"16632";2018-10-01 18:24:16;8,4;7,8
"420";"16632";2018-10-01 18:26:48;9,2;7,2
"421";"16632";2018-10-01 18:29:20;10,8;7,2
"422";"16632";2018-10-01 18:34:31;11,4;11,4
"423";"16632";2018-10-01 18:37:02;10;8
"424";"16632";2018-10-01 18:39:36;11,4;8,6
"425";"16632";2018-10-01 18:42:08;13,2;8,8
"426";"16632";2018-10-01 18:44:39;6,6;6,2
"427";"16632";2018-10-01 18:47:10;7,2;7,2
"428";"16632";2018-10-01 18:49:42;7;6
"429";"16632";2018-10-01 18:52:19;6,8;6,8
"430";"16632";2018-10-01 18:54:51;6,6;6,6
"431";"16632";2018-10-01 18:57:24;8,6;8,6
"432";"16632";2018-10-01 19:00:00;8,4;8
"433";"16632";2018-10-01 19:02:41;7,4;7,4
"434";"16632";2018-10-01 19:05:12;9,6;8,8
"435";"16632";2018-10-01 19:07:43;7,2;7,2
"436";"16632";2018-10-01 19:10:15;8,2;8,2
"437";"16632";2018-10-01 19:12:46;10,4;8,8
"438";"16632";2018-10-01 19:15:17;8;8
"439";"16632";2018-10-01 19:17:48;7,4;6
"440";"16632";2018-10-01 19:20:21;7,4;7,4
"441";"16632";2018-10-01 19:22:52;9;7
"442";"16632";2018-10-01 19:25:23;7,6;7,6
"443";"16632";2018-10-01 19:30:23;9,6;8,8
"444";"16632";2018-10-01 19:32:54;8,4;8,4
"445";"16632";2018-10-01 19:35:24;7,6;7,6
"446";"16632";2018-10-01 19:37:56;9;9
"447";"16632";2018-10-01 19:40:27;8;7,8
"448";"16632";2018-10-01 19:42:58;5;5
"449";"16632";2018-10-01 19:45:30;8;6,4
"450";"16632";2018-10-01 19:50:43;7;6
"451";"16632";2018-10-01 19:53:14;7,4;6
"452";"16632";2018-10-01 19:55:47;6,2;6,2
"453";"16632";2018-10-01 19:58:18;6;6
"454";"16632";2018-10-01 20:00:49;7,2;6
"455";"16632";2018-10-01 20:03:22;9,4;8,2
"456";"16632";2018-10-01 20:05:53;12,2;9,6
"457";"16632";2018-10-01 20:08:23;10;10
"458";"16632";2018-10-01 20:10:55;8,2;8,2
"459";"16632";2018-10-01 20:13:26;8,6;8,4
"460";"16632";2018-10-01 20:15:57;8,2;8,2
"461";"16632";2018-10-01 20:18:29;9;8
"462";"16632";2018-10-01 20:20:59;9,4;8,8
"463";"16632";2018-10-01 20:23:30;6,4;6,4
"464";"16632";2018-10-01 20:26:01;8;8
"465";"16632";2018-10-01 20:28:32;15,2;14,8
"466";"16632";2018-10-01 20:31:03;18,2;16,6
"467";"16632";2018-10-01 20:33:34;17,6;16,8
"468";"16632";2018-10-01 20:36:05;15,6;15,6
"469";"16632";2018-10-01 20:38:35;15;15
"470";"16632";2018-10-01 20:41:06;20,8;15,6
"471";"16632";2018-10-01 20:43:37;30,75;25,75
"472";"16632";2018-10-01 20:46:08;24;21
"473";"16632";2018-10-01 20:48:40;9,6;8
"474";"16632";2018-10-01 20:51:11;10;9
"475";"16632";2018-10-01 20:53:41;10;10
"476";"16632";2018-10-01 20:56:12;12,2;12
"477";"16632";2018-10-01 20:58:43;10;9,2
"478";"16632";2018-10-01 21:01:14;12,2;12,2
"479";"16632";2018-10-01 21:03:45;8,6;8
"480";"16632";2018-10-01 21:06:16;11;10
"481";"16632";2018-10-01 21:08:47;11,6;11,6
"482";"16632";2018-10-01 21:11:18;11,4;11,4
"483";"16632";2018-10-01 21:13:49;11,8;11,8
"484";"16632";2018-10-01 21:16:20;14;11,8
"485";"16632";2018-10-01 21:18:51;10,4;10,4
"486";"16632";2018-10-01 21:21:22;15,6;12
"487";"16632";2018-10-01 21:23:53;11,6;11,6
"488";"16632";2018-10-01 21:26:24;11;9,6
"489";"16632";2018-10-01 21:28:54;9;9
"490";"16632";2018-10-01 21:33:51;10;9,8
"491";"16632";2018-10-01 21:36:22;10;10
"492";"16632";2018-10-01 21:38:53;8;8
"493";"16632";2018-10-01 21:41:23;22,4;20,6
"494";"16632";2018-10-01 21:43:54;16,6;14,4
"495";"16632";2018-10-01 21:46:25;6,2;6,2
"496";"16632";2018-10-01 21:48:58;6;6
"497";"16632";2018-10-01 21:51:28;8,2;5
"498";"16632";2018-10-01 21:53:59;5;5
"499";"16632";2018-10-01 21:56:30;8,2;7,4
"500";"16632";2018-10-01 21:59:01;6;6
"501";"16632";2018-10-01 22:04:08;7;6,2
"502";"16632";2018-10-01 22:06:39;7,4;6
"503";"16632";2018-10-01 22:09:10;6,6;5,2
"504";"16632";2018-10-01 22:11:42;5;5
"505";"16632";2018-10-01 22:14:13;7;7
"506";"16632";2018-10-01 22:16:44;6;6
"507";"16632";2018-10-01 22:19:15;8;5
"508";"16632";2018-10-01 22:21:48;7;5,6
"509";"16632";2018-10-01 22:24:22;8,6;6,8
"510";"16632";2018-10-01 22:26:55;7,8;7
"511";"16632";2018-10-01 22:29:26;9,2;7,4
"512";"16632";2018-10-01 22:31:56;5;5
"513";"16632";2018-10-01 22:34:27;5,6;5,6
"514";"16632";2018-10-01 22:36:58;6,6;5,4
"515";"16632";2018-10-01 22:39:29;6,8;6
"516";"16632";2018-10-01 22:42:00;6;5
"517";"16632";2018-10-01 22:44:31;8,8;6
"518";"16632";2018-10-01 22:47:01;7;7
"519";"16632";2018-10-01 22:49:32;7,4;7,4
"520";"16632";2018-10-01 22:52:03;7,2;6,4
"521";"16632";2018-10-01 22:54:34;11,2;7,4
"522";"16632";2018-10-01 22:57:05;6,2;6,2
"523";"16632";2018-10-01 22:59:36;7,4;6,2
"524";"16632";2018-10-01 23:02:06;6;6
"525";"16632";2018-10-01 23:04:37;12,2;8
"526";"16632";2018-10-01 23:07:08;12,4;9,8
"527";"16632";2018-10-01 23:09:39;8;8
"528";"16632";2018-10-01 23:12:10;8,4;7
"529";"16632";2018-10-01 23:14:41;6;6
"530";"16632";2018-10-01 23:17:12;6,6;6,6
"531";"16632";2018-10-01 23:19:42;7,8;7,6
"532";"16632";2018-10-01 23:22:13;8;8
"533";"16632";2018-10-01 23:24:44;8,2;8,2
"534";"16632";2018-10-01 23:27:15;7,4;7,4
"535";"16632";2018-10-01 23:29:46;5;5
"536";"16632";2018-10-01 23:32:17;4,8;4,8
"537";"16632";2018-10-01 23:34:48;5,2;4
"538";"16632";2018-10-01 23:37:18;5,8;5
"539";"16632";2018-10-01 23:39:49;7,8;7
"540";"16632";2018-10-01 23:42:20;5;5
"541";"16632";2018-10-01 23:44:52;6;6
"542";"16632";2018-10-01 23:47:22;5;5
"543";"16632";2018-10-01 23:49:53;5;4
"544";"16632";2018-10-01 23:52:24;4,8;4
"545";"16632";2018-10-01 23:54:55;4,4;4,4
"546";"16632";2018-10-01 23:57:26;5,6;5,6
"547";"16632";2018-10-01 23:59:57;5;5
